DNA Profile type_Mixture Major,,,
Sample Name,Marker,Allele1,Allele2
63-00021-01-G1,D3S1358,15,17
63-00021-01-G1,vWA,16,16
63-00021-01-G1,D16S539,12,12
63-00021-01-G1,CSF1PO,11,12
63-00021-01-G1,TPOX,10,11
63-00021-01-G1,Yindel,1,
63-00021-01-G1,AMEL,X,Y
63-00021-01-G1,D8S1179,13,15
63-00021-01-G1,D21S11,30,30
63-00021-01-G1,D18S51,16,16
63-00021-01-G1,DYS391,11,
63-00021-01-G1,D2S441,10,14
63-00021-01-G1,D19S433,14.2,15.2
63-00021-01-G1,TH01,7,9
63-00021-01-G1,FGA,23,24
63-00021-01-G1,D22S1045,15,16
63-00021-01-G1,D5S818,11,11
63-00021-01-G1,D13S317,8,11
63-00021-01-G1,D7S820,8,11
63-00021-01-G1,SE33,25.2,28.2
63-00021-01-G1,D10S1248,15,15
63-00021-01-G1,D1S1656,12,17
63-00021-01-G1,D12S391,17,21
63-00021-01-G1,D2S1338,23,24
,,,
63-00716-01-G1,D3S1358,16,16
63-00716-01-G1,vWA,14,20
63-00716-01-G1,D16S539,10,12
63-00716-01-G1,CSF1PO,11,11
63-00716-01-G1,TPOX,8,12
63-00716-01-G1,Yindel,1,
63-00716-01-G1,AMEL,X,Y
63-00716-01-G1,D8S1179,13,15
63-00716-01-G1,D21S11,29,32.2
63-00716-01-G1,D18S51,12,13
63-00716-01-G1,DYS391,10,
63-00716-01-G1,D2S441,10,11
63-00716-01-G1,D19S433,15.2,15.2
63-00716-01-G1,TH01,6,10
63-00716-01-G1,FGA,22,22
63-00716-01-G1,D22S1045,15,16
63-00716-01-G1,D5S818,11,13
63-00716-01-G1,D13S317,8,13
63-00716-01-G1,D7S820,11,11
63-00716-01-G1,SE33,26.2,28.2
63-00716-01-G1,D10S1248,13,13
63-00716-01-G1,D1S1656,13,13
63-00716-01-G1,D12S391,19,23
63-00716-01-G1,D2S1338,22,23
,,,
63-00717-01-G1,D3S1358,16,16
63-00717-01-G1,vWA,14,20
63-00717-01-G1,D16S539,10,12
63-00717-01-G1,CSF1PO,11,11
63-00717-01-G1,TPOX,8,12
63-00717-01-G1,Yindel,1,
63-00717-01-G1,AMEL,X,Y
63-00717-01-G1,D8S1179,13,15
63-00717-01-G1,D21S11,29,32.2
63-00717-01-G1,D18S51,12,13
63-00717-01-G1,DYS391,10,
63-00717-01-G1,D2S441,10,11
63-00717-01-G1,D19S433,15.2,15.2
63-00717-01-G1,TH01,6,10
63-00717-01-G1,FGA,22,22
63-00717-01-G1,D22S1045,15,16
63-00717-01-G1,D5S818,11,13
63-00717-01-G1,D13S317,8,13
63-00717-01-G1,D7S820,11,11
63-00717-01-G1,SE33,26.2,28.2
63-00717-01-G1,D10S1248,13,13
63-00717-01-G1,D1S1656,13,13
63-00717-01-G1,D12S391,19,23
63-00717-01-G1,D2S1338,22,23
,,,
63-00718-01-G1,D3S1358,16,16
63-00718-01-G1,vWA,14,20
63-00718-01-G1,D16S539,10,12
63-00718-01-G1,CSF1PO,11,11
63-00718-01-G1,TPOX,8,12
63-00718-01-G1,Yindel,1,
63-00718-01-G1,AMEL,X,Y
63-00718-01-G1,D8S1179,13,15
63-00718-01-G1,D21S11,29,32.2
63-00718-01-G1,D18S51,12,13
63-00718-01-G1,DYS391,10,
63-00718-01-G1,D2S441,10,11
63-00718-01-G1,D19S433,15.2,15.2
63-00718-01-G1,TH01,6,10
63-00718-01-G1,FGA,22,22
63-00718-01-G1,D22S1045,15,16
63-00718-01-G1,D5S818,11,13
63-00718-01-G1,D13S317,8,13
63-00718-01-G1,D7S820,11,11
63-00718-01-G1,SE33,26.2,28.2
63-00718-01-G1,D10S1248,13,13
63-00718-01-G1,D1S1656,13,13
63-00718-01-G1,D12S391,19,23
63-00718-01-G1,D2S1338,22,23
,,,
63-01062-01-G1,D3S1358,15,16
63-01062-01-G1,vWA,15,17
63-01062-01-G1,D16S539,9,13
63-01062-01-G1,CSF1PO,11,11
63-01062-01-G1,TPOX,8,8
63-01062-01-G1,Yindel,,
63-01062-01-G1,AMEL,X,X
63-01062-01-G1,D8S1179,10,11
63-01062-01-G1,D21S11,28,32
63-01062-01-G1,D18S51,16,17
63-01062-01-G1,DYS391,,
63-01062-01-G1,D2S441,11,14
63-01062-01-G1,D19S433,13,15.2
63-01062-01-G1,TH01,7,9
63-01062-01-G1,FGA,22,23
63-01062-01-G1,D22S1045,11,17
63-01062-01-G1,D5S818,10,11
63-01062-01-G1,D13S317,11,12
63-01062-01-G1,D7S820,10,12
63-01062-01-G1,SE33,27.2,29.2
63-01062-01-G1,D10S1248,15,16
63-01062-01-G1,D1S1656,15,16
63-01062-01-G1,D12S391,19,19
63-01062-01-G1,D2S1338,19,23
,,,
63-01405-01-G2,D3S1358,16,16
63-01405-01-G2,vWA,14,19
63-01405-01-G2,D16S539,10,12
63-01405-01-G2,CSF1PO,12,13
63-01405-01-G2,TPOX,8,8
63-01405-01-G2,Yindel,,
63-01405-01-G2,AMEL,X,X
63-01405-01-G2,D8S1179,11,15
63-01405-01-G2,D21S11,28,30
63-01405-01-G2,D18S51,11,16
63-01405-01-G2,DYS391,,
63-01405-01-G2,D2S441,11,11.3
63-01405-01-G2,D19S433,13,13
63-01405-01-G2,TH01,9,9
63-01405-01-G2,FGA,23,24.2
63-01405-01-G2,D22S1045,15,16
63-01405-01-G2,D5S818,10,13
63-01405-01-G2,D13S317,10,12
63-01405-01-G2,D7S820,10,11
63-01405-01-G2,SE33,22.2,29.2
63-01405-01-G2,D10S1248,13,14
63-01405-01-G2,D1S1656,11,12
63-01405-01-G2,D12S391,17,20
63-01405-01-G2,D2S1338,17,24
,,,
63-01406-01-G2,D3S1358,16,16
63-01406-01-G2,vWA,14,19
63-01406-01-G2,D16S539,10,12
63-01406-01-G2,CSF1PO,12,13
63-01406-01-G2,TPOX,8,8
63-01406-01-G2,Yindel,,
63-01406-01-G2,AMEL,X,X
63-01406-01-G2,D8S1179,11,15
63-01406-01-G2,D21S11,28,30
63-01406-01-G2,D18S51,11,16
63-01406-01-G2,DYS391,,
63-01406-01-G2,D2S441,11,11.3
63-01406-01-G2,D19S433,13,13
63-01406-01-G2,TH01,9,9
63-01406-01-G2,FGA,23,24.2
63-01406-01-G2,D22S1045,15,16
63-01406-01-G2,D5S818,10,13
63-01406-01-G2,D13S317,10,12
63-01406-01-G2,D7S820,10,11
63-01406-01-G2,SE33,22.2,29.2
63-01406-01-G2,D10S1248,13,14
63-01406-01-G2,D1S1656,11,12
63-01406-01-G2,D12S391,17,20
63-01406-01-G2,D2S1338,17,24
,,,
63-01737-01-G1,D3S1358,17,18
63-01737-01-G1,vWA,14,17
63-01737-01-G1,D16S539,10,13
63-01737-01-G1,CSF1PO,11,13
63-01737-01-G1,TPOX,8,8
63-01737-01-G1,Yindel,,
63-01737-01-G1,AMEL,X,X
63-01737-01-G1,D8S1179,14,15
63-01737-01-G1,D21S11,29,30.2
63-01737-01-G1,D18S51,13,17
63-01737-01-G1,DYS391,,
63-01737-01-G1,D2S441,11.3,14
63-01737-01-G1,D19S433,15.2,15.2
63-01737-01-G1,TH01,7,9
63-01737-01-G1,FGA,22,23
63-01737-01-G1,D22S1045,15,16
63-01737-01-G1,D5S818,12,13
63-01737-01-G1,D13S317,8,10
63-01737-01-G1,D7S820,10,10
63-01737-01-G1,SE33,21,28.2
63-01737-01-G1,D10S1248,13,15
63-01737-01-G1,D1S1656,11,16
63-01737-01-G1,D12S391,20,22
63-01737-01-G1,D2S1338,19,23
,,,
63-01971-01-G1,D3S1358,14,16
63-01971-01-G1,vWA,18,19
63-01971-01-G1,D16S539,9,9
63-01971-01-G1,CSF1PO,11,12
63-01971-01-G1,TPOX,8,8
63-01971-01-G1,Yindel,1,
63-01971-01-G1,AMEL,X,Y
63-01971-01-G1,D8S1179,10,12
63-01971-01-G1,D21S11,28,29
63-01971-01-G1,D18S51,16,17
63-01971-01-G1,DYS391,10,
63-01971-01-G1,D2S441,10,11
63-01971-01-G1,D19S433,13,15.2
63-01971-01-G1,TH01,7,8
63-01971-01-G1,FGA,21.2,22
63-01971-01-G1,D22S1045,15,17
63-01971-01-G1,D5S818,10,12
63-01971-01-G1,D13S317,11,12
63-01971-01-G1,D7S820,10,12
63-01971-01-G1,SE33,22,28.2
63-01971-01-G1,D10S1248,14,15
63-01971-01-G1,D1S1656,15,15
63-01971-01-G1,D12S391,19,22
63-01971-01-G1,D2S1338,23,24
,,,
63-02031-01-G1,D3S1358,16,16
63-02031-01-G1,vWA,16,17
63-02031-01-G1,D16S539,10,12
63-02031-01-G1,CSF1PO,10,12
63-02031-01-G1,TPOX,8,11
63-02031-01-G1,Yindel,2,
63-02031-01-G1,AMEL,X,Y
63-02031-01-G1,D8S1179,10,15
63-02031-01-G1,D21S11,29,30
63-02031-01-G1,D18S51,15,17
63-02031-01-G1,DYS391,10,
63-02031-01-G1,D2S441,10,11
63-02031-01-G1,D19S433,12.2,14
63-02031-01-G1,TH01,7,7
63-02031-01-G1,FGA,22,24
63-02031-01-G1,D22S1045,15,15
63-02031-01-G1,D5S818,10,13
63-02031-01-G1,D13S317,8,11
63-02031-01-G1,D7S820,8,11
63-02031-01-G1,SE33,20,27.2
63-02031-01-G1,D10S1248,14,17
63-02031-01-G1,D1S1656,13,13
63-02031-01-G1,D12S391,19,19.2
63-02031-01-G1,D2S1338,17,19
,,,
63-02245-01-G1,D3S1358,17,17
63-02245-01-G1,vWA,14,18
63-02245-01-G1,D16S539,9,12
63-02245-01-G1,CSF1PO,11,12
63-02245-01-G1,TPOX,8,9
63-02245-01-G1,Yindel,,
63-02245-01-G1,AMEL,X,X
63-02245-01-G1,D8S1179,13,17
63-02245-01-G1,D21S11,29,32.2
63-02245-01-G1,D18S51,16,24
63-02245-01-G1,DYS391,,
63-02245-01-G1,D2S441,12,14
63-02245-01-G1,D19S433,12,13
63-02245-01-G1,TH01,8,9
63-02245-01-G1,FGA,19,20
63-02245-01-G1,D22S1045,11,15
63-02245-01-G1,D5S818,13,13
63-02245-01-G1,D13S317,9,12
63-02245-01-G1,D7S820,8,11
63-02245-01-G1,SE33,22.2,26.2
63-02245-01-G1,D10S1248,13,15
63-02245-01-G1,D1S1656,11,17
63-02245-01-G1,D12S391,18,19
63-02245-01-G1,D2S1338,23,24
,,,
63-02290-01-G1,D3S1358,15,16
63-02290-01-G1,vWA,14,14
63-02290-01-G1,D16S539,10,13
63-02290-01-G1,CSF1PO,11,12
63-02290-01-G1,TPOX,8,8
63-02290-01-G1,Yindel,1,
63-02290-01-G1,AMEL,X,Y
63-02290-01-G1,D8S1179,12,13
63-02290-01-G1,D21S11,30,31.2
63-02290-01-G1,D18S51,17,19
63-02290-01-G1,DYS391,10,
63-02290-01-G1,D2S441,11,11.3
63-02290-01-G1,D19S433,13,13
63-02290-01-G1,TH01,7,9
63-02290-01-G1,FGA,19,25
63-02290-01-G1,D22S1045,15,15
63-02290-01-G1,D5S818,11,11
63-02290-01-G1,D13S317,8,12
63-02290-01-G1,D7S820,12,13
63-02290-01-G1,SE33,29.2,30.2
63-02290-01-G1,D10S1248,13,13
63-02290-01-G1,D1S1656,13,14
63-02290-01-G1,D12S391,18,18
63-02290-01-G1,D2S1338,20,24
,,,
63-02293-01-G1,D3S1358,15,16
63-02293-01-G1,vWA,18,18
63-02293-01-G1,D16S539,11,14
63-02293-01-G1,CSF1PO,9,13
63-02293-01-G1,TPOX,8,9
63-02293-01-G1,Yindel,,
63-02293-01-G1,AMEL,X,X
63-02293-01-G1,D8S1179,12,16
63-02293-01-G1,D21S11,30.2,32.2
63-02293-01-G1,D18S51,13,13
63-02293-01-G1,DYS391,,
63-02293-01-G1,D2S441,11.3,11.3
63-02293-01-G1,D19S433,13,15.2
63-02293-01-G1,TH01,9,9.3
63-02293-01-G1,FGA,20,22
63-02293-01-G1,D22S1045,11,16
63-02293-01-G1,D5S818,10,13
63-02293-01-G1,D13S317,11,12
63-02293-01-G1,D7S820,8,9
63-02293-01-G1,SE33,19,23.2
63-02293-01-G1,D10S1248,12,15
63-02293-01-G1,D1S1656,15,15
63-02293-01-G1,D12S391,20,20
63-02293-01-G1,D2S1338,19,20
,,,
63-02437-02-G1,D3S1358,16,17
63-02437-02-G1,vWA,14,17
63-02437-02-G1,D16S539,11,14
63-02437-02-G1,CSF1PO,10,12
63-02437-02-G1,TPOX,8,8
63-02437-02-G1,Yindel,,
63-02437-02-G1,AMEL,X,X
63-02437-02-G1,D8S1179,10,12
63-02437-02-G1,D21S11,31.2,33.2
63-02437-02-G1,D18S51,14,15
63-02437-02-G1,DYS391,,
63-02437-02-G1,D2S441,11,14
63-02437-02-G1,D19S433,12,15.2
63-02437-02-G1,TH01,8,9
63-02437-02-G1,FGA,16,23
63-02437-02-G1,D22S1045,16,16
63-02437-02-G1,D5S818,10,12
63-02437-02-G1,D13S317,8,11
63-02437-02-G1,D7S820,11,11
63-02437-02-G1,SE33,26.2,27.2
63-02437-02-G1,D10S1248,13,14
63-02437-02-G1,D1S1656,14,17
63-02437-02-G1,D12S391,20,22
63-02437-02-G1,D2S1338,19,21
,,,
63-02460-18-G1,D3S1358,16,17
63-02460-18-G1,vWA,14,17
63-02460-18-G1,D16S539,11,14
63-02460-18-G1,CSF1PO,12,*
63-02460-18-G1,TPOX,8,8
63-02460-18-G1,Yindel,,
63-02460-18-G1,AMEL,X,X
63-02460-18-G1,D8S1179,10,12
63-02460-18-G1,D21S11,31.2,33.2
63-02460-18-G1,D18S51,14,15
63-02460-18-G1,DYS391,,
63-02460-18-G1,D2S441,11,14
63-02460-18-G1,D19S433,12,15.2
63-02460-18-G1,TH01,8,9
63-02460-18-G1,FGA,16,23
63-02460-18-G1,D22S1045,16,16
63-02460-18-G1,D5S818,10,12
63-02460-18-G1,D13S317,8,11
63-02460-18-G1,D7S820,11,11
63-02460-18-G1,SE33,26.2,27.2
63-02460-18-G1,D10S1248,13,14
63-02460-18-G1,D1S1656,14,17
63-02460-18-G1,D12S391,20,22
63-02460-18-G1,D2S1338,19,21
,,,
63-02577-01-G1,D3S1358,15,17
63-02577-01-G1,vWA,18,19
63-02577-01-G1,D16S539,12,12
63-02577-01-G1,CSF1PO,11,12
63-02577-01-G1,TPOX,11,11
63-02577-01-G1,Yindel,1,
63-02577-01-G1,AMEL,X,Y
63-02577-01-G1,D8S1179,12,14
63-02577-01-G1,D21S11,31.2,32.2
63-02577-01-G1,D18S51,16,18
63-02577-01-G1,DYS391,11,
63-02577-01-G1,D2S441,10,11
63-02577-01-G1,D19S433,13,15.2
63-02577-01-G1,TH01,7,9
63-02577-01-G1,FGA,20,24
63-02577-01-G1,D22S1045,16,17
63-02577-01-G1,D5S818,11,13
63-02577-01-G1,D13S317,8,11
63-02577-01-G1,D7S820,8,9
63-02577-01-G1,SE33,18,23.2
63-02577-01-G1,D10S1248,15,16
63-02577-01-G1,D1S1656,15,16
63-02577-01-G1,D12S391,16,23
63-02577-01-G1,D2S1338,18,22
,,,
63-02958-01-G1,D3S1358,16,17
63-02958-01-G1,vWA,18,20
63-02958-01-G1,D16S539,12,12
63-02958-01-G1,CSF1PO,10,13
63-02958-01-G1,TPOX,8,8
63-02958-01-G1,Yindel,1,
63-02958-01-G1,AMEL,X,Y
63-02958-01-G1,D8S1179,10,11
63-02958-01-G1,D21S11,30.2,31
63-02958-01-G1,D18S51,17,18
63-02958-01-G1,DYS391,11,
63-02958-01-G1,D2S441,11,12
63-02958-01-G1,D19S433,14,14
63-02958-01-G1,TH01,7,9
63-02958-01-G1,FGA,22,24
63-02958-01-G1,D22S1045,16,17
63-02958-01-G1,D5S818,10,13
63-02958-01-G1,D13S317,8,11
63-02958-01-G1,D7S820,9,12
63-02958-01-G1,SE33,18,26.2
63-02958-01-G1,D10S1248,13,16
63-02958-01-G1,D1S1656,16,17
63-02958-01-G1,D12S391,19,20
63-02958-01-G1,D2S1338,21,24
,,,
63-02960-02-G1,D3S1358,16,17
63-02960-02-G1,vWA,18,20
63-02960-02-G1,D16S539,12,12
63-02960-02-G1,CSF1PO,10,13
63-02960-02-G1,TPOX,8,8
63-02960-02-G1,Yindel,1,
63-02960-02-G1,AMEL,X,Y
63-02960-02-G1,D8S1179,10,11
63-02960-02-G1,D21S11,30.2,31
63-02960-02-G1,D18S51,17,18
63-02960-02-G1,DYS391,11,
63-02960-02-G1,D2S441,11,12
63-02960-02-G1,D19S433,14,14
63-02960-02-G1,TH01,7,9
63-02960-02-G1,FGA,22,24
63-02960-02-G1,D22S1045,16,17
63-02960-02-G1,D5S818,10,13
63-02960-02-G1,D13S317,8,11
63-02960-02-G1,D7S820,9,12
63-02960-02-G1,SE33,18,26.2
63-02960-02-G1,D10S1248,13,16
63-02960-02-G1,D1S1656,16,17
63-02960-02-G1,D12S391,19,20
63-02960-02-G1,D2S1338,21,24
,,,
63-02961-02-G1,D3S1358,16,17
63-02961-02-G1,vWA,18,20
63-02961-02-G1,D16S539,12,12
63-02961-02-G1,CSF1PO,10,11
63-02961-02-G1,TPOX,8,8
63-02961-02-G1,Yindel,1,
63-02961-02-G1,AMEL,X,Y
63-02961-02-G1,D8S1179,10,11
63-02961-02-G1,D21S11,30.2,31
63-02961-02-G1,D18S51,17,18
63-02961-02-G1,DYS391,11,
63-02961-02-G1,D2S441,11,12
63-02961-02-G1,D19S433,14,14
63-02961-02-G1,TH01,7,9
63-02961-02-G1,FGA,22,24
63-02961-02-G1,D22S1045,16,17
63-02961-02-G1,D5S818,10,13
63-02961-02-G1,D13S317,8,11
63-02961-02-G1,D7S820,9,12
63-02961-02-G1,SE33,18,26.2
63-02961-02-G1,D10S1248,13,16
63-02961-02-G1,D1S1656,16,17
63-02961-02-G1,D12S391,19,20
63-02961-02-G1,D2S1338,21,24
,,,
63-03238-01-G1,D3S1358,16,17
63-03238-01-G1,vWA,15,20
63-03238-01-G1,D16S539,10,11
63-03238-01-G1,CSF1PO,10,10
63-03238-01-G1,TPOX,8,8
63-03238-01-G1,Yindel,1,
63-03238-01-G1,AMEL,X,Y
63-03238-01-G1,D8S1179,14,14
63-03238-01-G1,D21S11,30,34.2
63-03238-01-G1,D18S51,17,21
63-03238-01-G1,DYS391,10,
63-03238-01-G1,D2S441,11,11.3
63-03238-01-G1,D19S433,13.2,15
63-03238-01-G1,TH01,7,9.3
63-03238-01-G1,FGA,24,25
63-03238-01-G1,D22S1045,15,17
63-03238-01-G1,D5S818,10,11
63-03238-01-G1,D13S317,8,9
63-03238-01-G1,D7S820,11,11
63-03238-01-G1,SE33,21.2,29.2
63-03238-01-G1,D10S1248,13,15
63-03238-01-G1,D1S1656,12,14
63-03238-01-G1,D12S391,17,20
63-03238-01-G1,D2S1338,17,17
,,,
63-04331-01-G1,D3S1358,14,17
63-04331-01-G1,vWA,18,19
63-04331-01-G1,D16S539,8,11
63-04331-01-G1,CSF1PO,12,12
63-04331-01-G1,TPOX,8,9
63-04331-01-G1,Yindel,1,
63-04331-01-G1,AMEL,X,Y
63-04331-01-G1,D8S1179,13,14
63-04331-01-G1,D21S11,30,31
63-04331-01-G1,D18S51,15,17
63-04331-01-G1,DYS391,11,
63-04331-01-G1,D2S441,10,11
63-04331-01-G1,D19S433,14,15.2
63-04331-01-G1,TH01,8,9
63-04331-01-G1,FGA,20,20
63-04331-01-G1,D22S1045,11,16
63-04331-01-G1,D5S818,11,13
63-04331-01-G1,D13S317,11,11
63-04331-01-G1,D7S820,10,12
63-04331-01-G1,SE33,26.2,27.2
63-04331-01-G1,D10S1248,13,14
63-04331-01-G1,D1S1656,15,16
63-04331-01-G1,D12S391,17,20
63-04331-01-G1,D2S1338,18,18
,,,
63-04332-01-G1,D3S1358,15,16
63-04332-01-G1,vWA,14,18
63-04332-01-G1,D16S539,11,12
63-04332-01-G1,CSF1PO,12,12
63-04332-01-G1,TPOX,8,11
63-04332-01-G1,Yindel,1,
63-04332-01-G1,AMEL,X,Y
63-04332-01-G1,D8S1179,13,16
63-04332-01-G1,D21S11,29,30
63-04332-01-G1,D18S51,14,16
63-04332-01-G1,DYS391,10,
63-04332-01-G1,D2S441,10,11.3
63-04332-01-G1,D19S433,13,14.2
63-04332-01-G1,TH01,8,9
63-04332-01-G1,FGA,22,23
63-04332-01-G1,D22S1045,13,15
63-04332-01-G1,D5S818,10,12
63-04332-01-G1,D13S317,8,9
63-04332-01-G1,D7S820,8,12
63-04332-01-G1,SE33,17,26.2
63-04332-01-G1,D10S1248,13,14
63-04332-01-G1,D1S1656,12,14
63-04332-01-G1,D12S391,15,18
63-04332-01-G1,D2S1338,19,24
,,,
63-04516-01-G1,D3S1358,17,17
63-04516-01-G1,vWA,16,17
63-04516-01-G1,D16S539,9,11
63-04516-01-G1,CSF1PO,10,11
63-04516-01-G1,TPOX,8,9
63-04516-01-G1,Yindel,1,
63-04516-01-G1,AMEL,X,Y
63-04516-01-G1,D8S1179,12,15
63-04516-01-G1,D21S11,28,32.2
63-04516-01-G1,D18S51,17,17
63-04516-01-G1,DYS391,10,
63-04516-01-G1,D2S441,14,14
63-04516-01-G1,D19S433,13,13.2
63-04516-01-G1,TH01,6,7
63-04516-01-G1,FGA,22,25
63-04516-01-G1,D22S1045,11,15
63-04516-01-G1,D5S818,10,13
63-04516-01-G1,D13S317,8,11
63-04516-01-G1,D7S820,8,10
63-04516-01-G1,SE33,27.2,28.2
63-04516-01-G1,D10S1248,15,17
63-04516-01-G1,D1S1656,14,17
63-04516-01-G1,D12S391,17,21
63-04516-01-G1,D2S1338,19,20
,,,
63-04522-01-G1,D3S1358,17,17
63-04522-01-G1,vWA,16,17
63-04522-01-G1,D16S539,9,11
63-04522-01-G1,CSF1PO,10,11
63-04522-01-G1,TPOX,8,9
63-04522-01-G1,Yindel,1,
63-04522-01-G1,AMEL,X,Y
63-04522-01-G1,D8S1179,12,15
63-04522-01-G1,D21S11,28,32.2
63-04522-01-G1,D18S51,17,17
63-04522-01-G1,DYS391,10,
63-04522-01-G1,D2S441,14,14
63-04522-01-G1,D19S433,13,13.2
63-04522-01-G1,TH01,6,7
63-04522-01-G1,FGA,22,25
63-04522-01-G1,D22S1045,11,15
63-04522-01-G1,D5S818,10,13
63-04522-01-G1,D13S317,8,11
63-04522-01-G1,D7S820,8,10
63-04522-01-G1,SE33,27.2,28.2
63-04522-01-G1,D10S1248,15,17
63-04522-01-G1,D1S1656,14,17
63-04522-01-G1,D12S391,17,21
63-04522-01-G1,D2S1338,19,20
,,,
63-04640-01-G1,D3S1358,15,18
63-04640-01-G1,vWA,16,20
63-04640-01-G1,D16S539,11,13
63-04640-01-G1,CSF1PO,11,12
63-04640-01-G1,TPOX,8,11
63-04640-01-G1,Yindel,2,
63-04640-01-G1,AMEL,X,Y
63-04640-01-G1,D8S1179,14,15
63-04640-01-G1,D21S11,29,29
63-04640-01-G1,D18S51,13,19
63-04640-01-G1,DYS391,10,
63-04640-01-G1,D2S441,10,12
63-04640-01-G1,D19S433,13,15
63-04640-01-G1,TH01,7,9
63-04640-01-G1,FGA,19,22.2
63-04640-01-G1,D22S1045,11,15
63-04640-01-G1,D5S818,12,12
63-04640-01-G1,D13S317,10,10
63-04640-01-G1,D7S820,11,12
63-04640-01-G1,SE33,18,18.2
63-04640-01-G1,D10S1248,13,15
63-04640-01-G1,D1S1656,15,17
63-04640-01-G1,D12S391,21,22
63-04640-01-G1,D2S1338,19,22
,,,
63-04647-01-G1,D3S1358,15,18
63-04647-01-G1,vWA,16,20
63-04647-01-G1,D16S539,11,13
63-04647-01-G1,CSF1PO,11,12
63-04647-01-G1,TPOX,8,11
63-04647-01-G1,Yindel,2,
63-04647-01-G1,AMEL,X,Y
63-04647-01-G1,D8S1179,14,15
63-04647-01-G1,D21S11,29,29
63-04647-01-G1,D18S51,13,19
63-04647-01-G1,DYS391,10,
63-04647-01-G1,D2S441,10,12
63-04647-01-G1,D19S433,13,15
63-04647-01-G1,TH01,7,9
63-04647-01-G1,FGA,19,22.2
63-04647-01-G1,D22S1045,11,15
63-04647-01-G1,D5S818,12,12
63-04647-01-G1,D13S317,10,10
63-04647-01-G1,D7S820,11,12
63-04647-01-G1,SE33,18,18.2
63-04647-01-G1,D10S1248,13,15
63-04647-01-G1,D1S1656,15,17
63-04647-01-G1,D12S391,21,22
63-04647-01-G1,D2S1338,19,22
,,,
63-04648-01-G1 ,D3S1358,15,18
63-04648-01-G1 ,vWA,16,20
63-04648-01-G1 ,D16S539,11,13
63-04648-01-G1 ,CSF1PO,11,12
63-04648-01-G1 ,TPOX,8,11
63-04648-01-G1 ,Yindel,2,
63-04648-01-G1 ,AMEL,X,Y
63-04648-01-G1 ,D8S1179,14,15
63-04648-01-G1 ,D21S11,29,29
63-04648-01-G1 ,D18S51,13,19
63-04648-01-G1 ,DYS391,10,
63-04648-01-G1 ,D2S441,10,12
63-04648-01-G1 ,D19S433,13,15
63-04648-01-G1 ,TH01,7,9
63-04648-01-G1 ,FGA,19,22.2
63-04648-01-G1 ,D22S1045,11,15
63-04648-01-G1 ,D5S818,12,12
63-04648-01-G1 ,D13S317,10,10
63-04648-01-G1 ,D7S820,11,12
63-04648-01-G1 ,SE33,18,18.2
63-04648-01-G1 ,D10S1248,13,15
63-04648-01-G1 ,D1S1656,15,17
63-04648-01-G1 ,D12S391,21,22
63-04648-01-G1 ,D2S1338,19,22
,,,
63-04760-04-G1,D3S1358,15,15
63-04760-04-G1,vWA,14,19
63-04760-04-G1,D16S539,11,11
63-04760-04-G1,CSF1PO,11,12
63-04760-04-G1,TPOX,8,9
63-04760-04-G1,Yindel,1,
63-04760-04-G1,AMEL,X,Y
63-04760-04-G1,D8S1179,14,15
63-04760-04-G1,D21S11,30,32.2
63-04760-04-G1,D18S51,12,13
63-04760-04-G1,DYS391,10,
63-04760-04-G1,D2S441,11,11.3
63-04760-04-G1,D19S433,12,14.2
63-04760-04-G1,TH01,8,10
63-04760-04-G1,FGA,24.2,24.2
63-04760-04-G1,D22S1045,11,12
63-04760-04-G1,D5S818,10,13
63-04760-04-G1,D13S317,9,10
63-04760-04-G1,D7S820,8,9
63-04760-04-G1,SE33,19,28.2
63-04760-04-G1,D10S1248,14,14
63-04760-04-G1,D1S1656,15,17.3
63-04760-04-G1,D12S391,20,22
63-04760-04-G1,D2S1338,25,25
